Vaakuna,Kunta-nro[4],Kunnan nimi,Nimitys,Kielet,Kuntakeskus,Maakunta,Seutukunta,Väkiluku[5],Kok.pinta-ala (km²)[6],Maapinta-ala (km²)[6],Väestötiheys(as./km²)
,020,Akaa,kaupunki,suomi,Toijalan keskustaajama,Pirkanmaa,Etelä-Pirkanmaan seutukunta,16 470,"314,38","293,26","56,2"
,005,Alajärvi,kaupunki,suomi,Alajärven keskustaajama,Etelä-Pohjanmaa,Järviseudun seutukunta,9 322,"1 056,75","1 008,85","9,2"
,009,Alavieska,kunta,suomi,Alavieskan kirkonkylä,Pohjois-Pohjanmaa,Ylivieskan seutukunta,2 497,"253,02","251,50","9,9"
,010,Alavus,kaupunki,suomi,Alavuden keskustaajama,Etelä-Pohjanmaa,Kuusiokuntien seutukunta,11 208,"1 151,50","1 087,24","10,3"
,016,Asikkala,kunta,suomi,Vääksy,Päijät-Häme,Lahden seutukunta,8 060,"755,55","563,34","14,3"
,018,Askola,kunta,suomi,Askolan kirkonkylä,Uusimaa,Porvoon seutukunta,4 881,"218,03","212,44",23
,019,Aura,kunta,suomi,Auran asemanseutu,Varsinais-Suomi,Loimaan seutukunta,4 005,"95,58","95,01","42,2"
,035,Brändö,kunta,ruotsi,Åva,Ahvenanmaa,Ålands skärgård,454,"108,44","108,17","4,2"
,043,Eckerö,kunta,ruotsi,Överby,Ahvenanmaa,Ålands landsbygd,939,"109,18","107,72","8,7"
,046,Enonkoski,kunta,suomi,Enonkosken kirkonkylä,Etelä-Savo,Savonlinnan seutukunta,1 367,"419,20","305,55","4,5"
,047,Enontekiö,kunta,"suomi, pohjoissaame",Hetta,Lappi,Tunturi-Lapin seutukunta,1 800,"8 391,31","7 952,59","0,2"
,049,Espoo,kaupunki,"suomi, ruotsi",Espoon keskus[7],Uusimaa,Helsingin seutukunta,295 538,"330,23","312,33","946,2"
,050,Eura,kunta,suomi,Euran keskustaajama,Satakunta,Rauman seutukunta,11 434,"630,20","578,81","19,8"
,051,Eurajoki,kunta,suomi,Eurajoen kirkonkylä,Satakunta,Rauman seutukunta,9 348,"520,91","514,80","18,2"
,052,Evijärvi,kunta,suomi,Evijärven kirkonkylä,Etelä-Pohjanmaa,Järviseudun seutukunta,2 407,"390,71","354,16","6,8"
,060,Finström,kunta,ruotsi,Godby,Ahvenanmaa,Ålands landsbygd,2 637,"130,19","123,32","21,4"
,061,Forssa,kaupunki,suomi,Forssan keskustaajama,Kanta-Häme,Forssan seutukunta,16 616,"253,36","248,76","66,8"
,062,Föglö,kunta,ruotsi,Degerby,Ahvenanmaa,Ålands skärgård,512,"135,01","134,76","3,8"
,065,Geta,kunta,ruotsi,Vestergeta,Ahvenanmaa,Ålands landsbygd,510,"87,47","84,55",6
,069,Haapajärvi,kaupunki,suomi,Haapajärven keskustaajama,Pohjois-Pohjanmaa,Nivala–Haapajärven seutukunta,6 855,"789,31","766,38","8,9"
,071,Haapavesi,kaupunki,suomi,Haapaveden keskustaajama,Pohjois-Pohjanmaa,Haapaveden-Siikalatvan seutukunta,6 641,"1 086,41","1 050,41","6,3"
,072,Hailuoto,kunta,suomi,Hailuodon kirkonkylä,Pohjois-Pohjanmaa,Oulun seutukunta,954,"207,35","205,66","4,6"
,074,Halsua,kunta,suomi,Halsuan kirkonkylä,Keski-Pohjanmaa,Kaustisen seutukunta,1 094,"428,34","413,02","2,6"
,075,Hamina,kaupunki,suomi,Haminan keskustaajama,Kymenlaakso,Kotka–Haminan seutukunta,19 720,"633,57","609,80","32,3"
,076,Hammarland,kunta,ruotsi,Kattby,Ahvenanmaa,Ålands landsbygd,103,"140,29","138,55","0,7"
,077,Hankasalmi,kunta,suomi,Hankasalmen kirkonkylä,Keski-Suomi,Jyväskylän seutukunta,4 731,"687,74","571,69","8,3"
,078,Hanko,kaupunki,"suomi, ruotsi",Hangon keskustaajama,Uusimaa,Raaseporin seutukunta,8 037,"118,99","117,46","68,4"
,079,Harjavalta,kaupunki,suomi,Harjavallan keskustaajama[8],Satakunta,Porin seutukunta,6 811,"127,74","123,46","55,2"
,081,Hartola,kunta,suomi,Hartolan kirkonkylä,Päijät-Häme,Lahden seutukunta,2 626,"675,40","542,73","4,8"
,082,Hattula,kunta,suomi,Parola,Kanta-Häme,Hämeenlinnan seutukunta,9 396,"427,39","357,79","26,3"
,086,Hausjärvi,kunta,suomi,Oitti,Kanta-Häme,Riihimäen seutukunta,8 152,"398,77","389,42","20,9"
,111,Heinola,kaupunki,suomi,Heinolan keskustaajama,Päijät-Häme,Lahden seutukunta,18 424,"839,28","675,99","27,3"
,090,Heinävesi,kunta,suomi,Heinäveden kirkonkylä,Pohjois-Karjala,Joensuun seutukunta,3 143,"1 319,58","1 029,96","3,1"
,091,Helsinki,kaupunki,"suomi, ruotsi",Helsingin keskustaajama,Uusimaa,Helsingin seutukunta,658 339,"215,19","214,29","3 072,2"
,097,Hirvensalmi,kunta,suomi,Hirvensalmen kirkonkylä,Etelä-Savo,Mikkelin seutukunta,2 123,"746,59","465,21","4,6"
,098,Hollola,kunta,suomi,Salpakangas[9],Päijät-Häme,Lahden seutukunta,23 150,"727,46","651,23","35,5"
,102,Huittinen,kaupunki,suomi,Lauttakylä,Satakunta,Porin seutukunta,9 865,"539,56","532,61","18,5"
,103,Humppila,kunta,suomi,Humppilan asemanseutu,Kanta-Häme,Forssan seutukunta,2 184,"148,61","147,96","14,8"
,105,Hyrynsalmi,kunta,suomi,Hyrynsalmen kirkonkylä,Kainuu,Kehys-Kainuun seutukunta,2 147,"1 521,37","1 421,26","1,5"
,106,Hyvinkää,kaupunki,suomi,Hyvinkään keskustaajama,Uusimaa,Helsingin seutukunta,46 686,"336,77","322,69","144,7"
,108,Hämeenkyrö,kunta,suomi,Pappila[10],Pirkanmaa,Tampereen seutukunta,10 349,"505,10","463,99","22,3"
,109,Hämeenlinna,kaupunki,suomi,Hämeenlinnan keskustaajama,Kanta-Häme,Hämeenlinnan seutukunta,67 984,"2 031,57","1 785,35","38,1"
,139,Ii,kunta,suomi,Iin Hamina,Pohjois-Pohjanmaa,Oulunkaaren seutukunta,9 921,"1 666,98","1 614,63","6,1"
,140,Iisalmi,kaupunki,suomi,Iisalmen keskustaajama,Pohjois-Savo,Ylä-Savon seutukunta,20 975,"872,17","762,99","27,5"
,142,Iitti,kunta,suomi,Kausala,Päijät-Häme,Lahden seutukunta,6 584,"687,09","589,79","11,2"
,143,Ikaalinen,kaupunki,suomi,Ikaalisten keskustaajama,Pirkanmaa,Luoteis-Pirkanmaan seutukunta,6 894,"843,40","750,41","9,2"
,145,Ilmajoki,kunta,suomi,Ilmajoen kirkonkylä[11],Etelä-Pohjanmaa,Seinäjoen seutukunta,12 346,"579,63","576,74","21,4"
,146,Ilomantsi,kunta,suomi,Ilomantsin kirkonkylä,Pohjois-Karjala,Joensuun seutukunta,4 669,"3 172,68","2 763,39","1,7"
,153,Imatra,kaupunki,suomi,Mansikkala[12],Etelä-Karjala,Imatran seutukunta,25 754,"191,28","155,00","166,2"
,148,Inari,kunta,"suomi, pohjoissaame,inarinsaame, koltansaame",Ivalo,Lappi,Pohjois-Lapin seutukunta,6 963,"17 333,62","15 056,29","0,5"
,149,Inkoo,kunta,"ruotsi, suomi",Inkoon kirkonkylä,Uusimaa,Raaseporin seutukunta,5 357,"358,00","349,89","15,3"
,151,Isojoki,kunta,suomi,Isojoen kirkonkylä,Etelä-Pohjanmaa,Suupohjan seutukunta,1 896,"647,43","642,38",3
,152,Isokyrö,kunta,suomi,Isonkyrön kirkonkylä,Etelä-Pohjanmaa,Seinäjoen seutukunta,4 479,"356,91","354,13","12,6"
,165,Janakkala,kunta,suomi,Turenki,Kanta-Häme,Hämeenlinnan seutukunta,16 323,"586,07","547,41","29,8"
,167,Joensuu,kaupunki,suomi,Joensuun keskustaajama,Pohjois-Karjala,Joensuun seutukunta,77 284,"2 750,96","2 381,69","32,4"
,169,Jokioinen,kunta,suomi,Jokioisten keskustaajama[13],Kanta-Häme,Forssan seutukunta,5 053,"181,94","180,42",28
,170,Jomala,kunta,ruotsi,Prästgården[14],Ahvenanmaa,Ålands landsbygd,5 484,"144,39","142,67","38,4"
,171,Joroinen,kunta,suomi,Joroisten kirkonkylä,Pohjois-Savo,Varkauden seutukunta,4 667,"711,76","574,90","8,1"
,172,Joutsa,kunta,suomi,Joutsan kirkonkylä,Keski-Suomi,Joutsan seutukunta,4 278,"1 066,43","867,03","4,9"
,176,Juuka,kunta,suomi,Juuan kirkonkylä,Pohjois-Karjala,Joensuun seutukunta,4 464,"1 846,57","1 501,70",3
,177,Juupajoki,kunta,suomi,Korkeakoski,Pirkanmaa,Ylä-Pirkanmaan seutukunta,1 791,"274,95","258,50","6,9"
,178,Juva,kunta,suomi,Juvan kirkonkylä,Etelä-Savo,Pieksämäen seutukunta,5 893,"1 345,69","1 163,19","5,1"
,179,Jyväskylä,kaupunki,suomi,Jyväskylän keskustaajama,Keski-Suomi,Jyväskylän seutukunta,144 343,"1 466,35","1 171,02","123,3"
,181,Jämijärvi,kunta,suomi,Jämijärven kirkonkylä,Satakunta,Pohjois-Satakunnan seutukunta,1 679,"224,61","214,63","7,8"
,182,Jämsä,kaupunki,suomi,Seppola[15],Keski-Suomi,Jämsän seutukunta,19 817,"1 823,91","1 571,37","12,6"
,186,Järvenpää,kaupunki,suomi,Järvenpään keskustaajama[7],Uusimaa,Helsingin seutukunta,45 050,"39,93","37,54","1 200,1"
,202,Kaarina,kaupunki,suomi,Kaarinan keskusta[16],Varsinais-Suomi,Turun seutukunta,35 361,"151,70","150,65","234,7"
,204,Kaavi,kunta,suomi,Kaavin kirkonkylä,Pohjois-Savo,Koillis-Savon seutukunta,2 769,"789,60","674,07","4,1"
,205,Kajaani,kaupunki,suomi,Kajaanin keskustaajama,Kainuu,Kajaanin seutukunta,36 508,"2 263,82","1 834,73","19,9"
,208,Kalajoki,kaupunki,suomi,Kalajoen kirkonkylä,Pohjois-Pohjanmaa,Ylivieskan seutukunta,12 406,"931,04","924,09","13,4"
,211,Kangasala,kaupunki,suomi,Kangasalan kirkonkylä[17],Pirkanmaa,Tampereen seutukunta,32 483,"870,88","658,09","49,4"
,213,Kangasniemi,kunta,suomi,Kangasniemen kirkonkylä,Etelä-Savo,Mikkelin seutukunta,5 245,"1 326,75","1 068,88","4,9"
,214,Kankaanpää,kaupunki,suomi,Kankaanpään keskustaajama,Satakunta,Pohjois-Satakunnan seutukunta,12 691,"1 037,87","1 021,12","12,4"
,216,Kannonkoski,kunta,suomi,Kannonkosken kirkonkylä,Keski-Suomi,Saarijärven–Viitasaaren seutukunta,1 321,"549,88","445,01",3
,217,Kannus,kaupunki,suomi,Kannuksen keskustaajama,Keski-Pohjanmaa,Kokkolan seutukunta,5 397,"470,34","468,04","11,5"
,218,Karijoki,kunta,suomi,Karijoen kirkonkylä,Etelä-Pohjanmaa,Suupohjan seutukunta,1 193,"186,35","185,57","6,4"
,224,Karkkila,kaupunki,suomi,Karkkilan keskustaajama,Uusimaa,Helsingin seutukunta,8 730,"255,32","242,35",36
,226,Karstula,kunta,suomi,Karstulan kirkonkylä,Keski-Suomi,Saarijärven–Viitasaaren seutukunta,3 793,"963,20","887,08","4,3"
,230,Karvia,kunta,suomi,Karvian kirkonkylä,Satakunta,Pohjois-Satakunnan seutukunta,2 291,"519,90","502,18","4,6"
,231,Kaskinen,kaupunki,"suomi, ruotsi",Kaskisten keskustaajama,Pohjanmaa,Suupohjan rannikkoseutu,1 298,"10,78","10,63","122,1"
,232,Kauhajoki,kaupunki,suomi,Kauhajoen keskustaajama,Etelä-Pohjanmaa,Suupohjan seutukunta,12 936,"1 315,54","1 298,96",10
,233,Kauhava,kaupunki,suomi,Kauhavan keskustaajama,Etelä-Pohjanmaa,Seinäjoen seutukunta,15 360,"1 328,38","1 313,82","11,7"
,235,Kauniainen,kaupunki,"suomi, ruotsi",Kauniainen[7],Uusimaa,Helsingin seutukunta,10 219,"6,00","5,89",1 735
,236,Kaustinen,kunta,suomi,Kaustisen kirkonkylä,Keski-Pohjanmaa,Kaustisen seutukunta,4 186,"361,09","353,91","11,8"
,239,Keitele,kunta,suomi,Keiteleen kirkonkylä,Pohjois-Savo,Ylä-Savon seutukunta,2 103,"578,30","482,91","4,4"
,240,Kemi,kaupunki,suomi,Kemin keskustaajama,Lappi,Kemi–Tornion seutukunta,20 086,"102,66","95,30","210,8"
,320,Kemijärvi,kaupunki,suomi,Kemijärven keskustaajama,Lappi,Itä-Lapin seutukunta,7 108,"3 931,14","3 504,36",2
,241,Keminmaa,kunta,suomi,Laurila[18],Lappi,Kemi–Tornion seutukunta,7 919,"647,13","626,29","12,6"
,322,Kemiönsaari,kunta,"ruotsi, suomi",Kemiön kirkonkylä,Varsinais-Suomi,Turunmaan seutukunta,6 628,"697,74","686,85","9,6"
,244,Kempele,kunta,suomi,Asemanseutu[19],Pohjois-Pohjanmaa,Oulun seutukunta,19 076,"110,31","110,14","173,2"
,245,Kerava,kaupunki,suomi,Keravan keskustaajama[7],Uusimaa,Helsingin seutukunta,37 214,"30,79","30,63",1 215
,249,Keuruu,kaupunki,suomi,Keuruun keskustaajama,Keski-Suomi,Keuruun seutukunta,9 484,"1 430,55","1 257,96","7,5"
,250,Kihniö,kunta,suomi,Kihniön kirkonkylä,Pirkanmaa,Luoteis-Pirkanmaan seutukunta,1 803,"390,50","357,21",5
,256,Kinnula,kunta,suomi,Kinnulan kirkonkylä,Keski-Suomi,Saarijärven–Viitasaaren seutukunta,1 581,"495,73","460,20","3,4"
,257,Kirkkonummi,kunta,"suomi, ruotsi",Kirkkonummen keskusta,Uusimaa,Helsingin seutukunta,40 302,"393,58","366,23",110
,260,Kitee,kaupunki,suomi,Kiteen keskustaajama,Pohjois-Karjala,Keski-Karjalan seutukunta,9 878,"1 724,38","1 253,66","7,9"
,261,Kittilä,kunta,suomi,Kittilän kirkonkylä,Lappi,Tunturi-Lapin seutukunta,6 396,"8 263,00","8 095,12","0,8"
,263,Kiuruvesi,kaupunki,suomi,Kiuruveden keskustaajama,Pohjois-Savo,Ylä-Savon seutukunta,7 793,"1 422,90","1 328,15","5,9"
,265,Kivijärvi,kunta,suomi,Kivijärven kirkonkylä,Keski-Suomi,Saarijärven–Viitasaaren seutukunta,1 087,"599,88","483,97","2,2"
,271,Kokemäki,kaupunki,suomi,Tulkkila[20],Satakunta,Porin seutukunta,6 970,"531,26","480,20","14,5"
,272,Kokkola,kaupunki,"suomi, ruotsi",Kokkolan keskustaajama,Keski-Pohjanmaa,Kokkolan seutukunta,47 879,"1 487,76","1 445,95","33,1"
,273,Kolari,kunta,suomi,Kolarin kirkonkylä,Lappi,Tunturi-Lapin seutukunta,3 947,"2 617,73","2 559,21","1,5"
,275,Konnevesi,kunta,suomi,Konneveden kirkonkylä,Keski-Suomi,Äänekosken seutukunta,2 578,"680,85","512,94",5
,276,Kontiolahti,kunta,suomi,Kontiolahden kirkonkylä,Pohjois-Karjala,Joensuun seutukunta,15 020,"1 029,83","799,20","18,8"
,280,Korsnäs,kunta,"ruotsi, suomi",Korsnäsin kirkonkylä,Pohjanmaa,Vaasan seutukunta,2 060,"239,80","236,03","8,7"
,284,Koski Tl,kunta,suomi,Kosken Tl kirkonkylä,Varsinais-Suomi,Loimaan seutukunta,2 279,"192,42","191,50","11,9"
,285,Kotka,kaupunki,suomi,Kotkan keskustaajama,Kymenlaakso,Kotka–Haminan seutukunta,51 380,"277,77","271,95","188,9"
,286,Kouvola,kaupunki,suomi,Kouvolan keskustaajama,Kymenlaakso,Kouvolan seutukunta,80 732,"2 883,29","2 557,67","31,6"
,287,Kristiinankaupunki,kaupunki,"ruotsi, suomi",Kristiinankaupungin keskustaajama,Pohjanmaa,Suupohjan rannikkoseutu,6 380,"697,73","683,24","9,3"
,288,Kruunupyy,kunta,"ruotsi, suomi",Kruunupyyn kirkonkylä,Pohjanmaa,Jakobstadsregionen,6 427,"751,75","712,91",9
,290,Kuhmo,kaupunki,suomi,Kuhmon keskustaajama,Kainuu,Kehys-Kainuun seutukunta,7 964,"5 456,86","4 806,43","1,7"
,291,Kuhmoinen,kunta,suomi,Kuhmoisten kirkonkylä,Pirkanmaa,Tampereen seutukunta,2 155,"936,69","660,93","3,3"
,295,Kumlinge,kunta,ruotsi,Kumlinge,Ahvenanmaa,Ålands skärgård,310,"99,43","99,06","3,1"
,297,Kuopio,kaupunki,suomi,Kuopion keskustaajama,Pohjois-Savo,Kuopion seutukunta,121 381,"4 326,35","3 241,02","37,5"
,300,Kuortane,kunta,suomi,Kuortaneen kirkonkylä,Etelä-Pohjanmaa,Kuusiokuntien seutukunta,3 524,"484,85","462,14","7,6"
,301,Kurikka,kaupunki,suomi,Kurikan keskustaajama[11],Etelä-Pohjanmaa,Seinäjoen seutukunta,20 251,"1 743,91","1 724,63","11,7"
,304,Kustavi,kunta,suomi,Kustavin kirkonkylä,Varsinais-Suomi,Vakka-Suomen seutukunta,963,"167,62","165,78","5,8"
,305,Kuusamo,kaupunki,suomi,Kuusamon keskustaajama,Pohjois-Pohjanmaa,Koillismaan seutukunta,15 112,"5 808,96","4 978,52",3
,312,Kyyjärvi,kunta,suomi,Kyyjärven kirkonkylä,Keski-Suomi,Saarijärven–Viitasaaren seutukunta,1 240,"469,61","448,20","2,8"
,316,Kärkölä,kunta,suomi,Järvelä,Päijät-Häme,Lahden seutukunta,4 273,"259,30","256,50","16,7"
,317,Kärsämäki,kunta,suomi,Kärsämäen kirkonkylä,Pohjois-Pohjanmaa,Nivala–Haapajärven seutukunta,2 519,"701,35","696,39","3,6"
,318,Kökar,kunta,ruotsi,Karlby,Ahvenanmaa,Ålands skärgård,225,"64,00","63,57","3,5"
,398,Lahti,kaupunki,suomi,Lahden keskustaajama,Päijät-Häme,Lahden seutukunta,120 202,"517,63","459,49","261,6"
,399,Laihia,kunta,suomi,Laihian kirkonkylä,Pohjanmaa,Vaasan seutukunta,7 943,"508,44","505,16","15,7"
,400,Laitila,kaupunki,suomi,Laitilan keskustaajama,Varsinais-Suomi,Vakka-Suomen seutukunta,8 492,"545,33","531,85",16
,407,Lapinjärvi,kunta,"suomi, ruotsi",Lapinjärven kirkonkylä,Uusimaa,Loviisan seutukunta,2 603,"339,31","329,89","7,9"
,402,Lapinlahti,kunta,suomi,Lapinlahden kirkonkylä,Pohjois-Savo,Ylä-Savon seutukunta,9 257,"1 245,16","1 096,70","8,4"
,403,Lappajärvi,kunta,suomi,Lappajärven kirkonkylä,Etelä-Pohjanmaa,Järviseudun seutukunta,2 908,"523,73","420,88","6,9"
,405,Lappeenranta,kaupunki,suomi,Lappeenrannan keskustaajama,Etelä-Karjala,Lappeenrannan seutukunta,72 619,"1 723,57","1 433,79","50,6"
,408,Lapua,kaupunki,suomi,Lapuan keskustaajama,Etelä-Pohjanmaa,Seinäjoen seutukunta,14 197,"750,78","737,15","19,3"
,410,Laukaa,kunta,suomi,Laukaan kirkonkylä,Keski-Suomi,Jyväskylän seutukunta,18 802,"825,59","648,50",29
,416,Lemi,kunta,suomi,Lemin kirkonkylä,Etelä-Karjala,Lappeenrannan seutukunta,2 941,"262,48","217,91","13,5"
,417,Lemland,kunta,ruotsi,Söderby,Ahvenanmaa,Ålands landsbygd,2 117,"114,09","113,21","18,7"
,418,Lempäälä,kunta,suomi,Lempäälän kirkonkylä[17],Pirkanmaa,Tampereen seutukunta,24 081,"307,06","269,58","89,3"
,420,Leppävirta,kunta,suomi,Leppävirran kirkonkylä,Pohjois-Savo,Varkauden seutukunta,9 316,"1 519,64","1 135,99","8,2"
,421,Lestijärvi,kunta,suomi,Lestijärven kirkonkylä,Keski-Pohjanmaa,Kaustisen seutukunta,718,"558,90","480,07","1,5"
,422,Lieksa,kaupunki,suomi,Lieksan keskustaajama,Pohjois-Karjala,Pielisen Karjalan seutukunta,10 527,"4 067,71","3 417,88","3,1"
,423,Lieto,kunta,suomi,Liedon kirkonkylä[16],Varsinais-Suomi,Turun seutukunta,20 260,"302,56","300,54","67,4"
,425,Liminka,kunta,suomi,Limingan kirkonkylä,Pohjois-Pohjanmaa,Oulun seutukunta,10 206,"642,67","637,31",16
,426,Liperi,kunta,suomi,Liperin kirkonkylä,Pohjois-Karjala,Joensuun seutukunta,12 013,"1 161,23","726,87","16,5"
,444,Lohja,kaupunki,"suomi, ruotsi",Lohjan keskustaajama,Uusimaa,Helsingin seutukunta,45 985,"1 109,73","939,44","48,9"
,430,Loimaa,kaupunki,suomi,Loimaan keskustaajama,Varsinais-Suomi,Loimaan seutukunta,15 650,"851,92","848,13","18,5"
,433,Loppi,kunta,suomi,Lopen kirkonkylä,Kanta-Häme,Riihimäen seutukunta,7 782,"655,97","597,69",13
,434,Loviisa,kaupunki,"suomi, ruotsi",Loviisan keskustaajama,Uusimaa,Loviisan seutukunta,14 693,"845,64","819,81","17,9"
,435,Luhanka,kunta,suomi,Luhangan kirkonkylä,Keski-Suomi,Joutsan seutukunta,699,"313,25","214,51","3,3"
,436,Lumijoki,kunta,suomi,Lumijoen kirkonkylä,Pohjois-Pohjanmaa,Oulun seutukunta,2 021,"214,36","214,12","9,4"
,438,Lumparland,kunta,ruotsi,Klemetsby,Ahvenanmaa,Ålands landsbygd,373,"36,39","36,35","10,3"
,440,Luoto,kunta,"ruotsi, suomi",Holm[21],Pohjanmaa,Jakobstadsregionen,5 586,"176,55","142,46","39,2"
,441,Luumäki,kunta,suomi,Taavetti,Etelä-Karjala,Lappeenrannan seutukunta,4 485,"859,83","750,06",6
,475,Maalahti,kunta,"ruotsi, suomi",Maalahden kirkonkylä,Pohjanmaa,Vaasan seutukunta,5 499,"525,82","521,74","10,5"
,478,Maarianhamina,kaupunki,ruotsi,Maarianhaminan keskustaajama,Ahvenanmaa,Mariehamns stad,11 767,"11,80","11,80","997,2"
,480,Marttila,kunta,suomi,Marttilan kirkonkylä,Varsinais-Suomi,Loimaan seutukunta,1 998,"195,99","195,31","10,2"
,481,Masku,kunta,suomi,Maskun kirkonkylä[16],Varsinais-Suomi,Turun seutukunta,9 583,"175,99","174,87","54,8"
,483,Merijärvi,kunta,suomi,Merijärven kirkonkylä,Pohjois-Pohjanmaa,Ylivieskan seutukunta,1 074,"231,63","229,97","4,7"
,484,Merikarvia,kunta,suomi,Merikarvian kirkonkylä,Satakunta,Porin seutukunta,3 049,"450,74","446,16","6,8"
,489,Miehikkälä,kunta,suomi,Miehikkälän kirkonkylä,Kymenlaakso,Kotka–Haminan seutukunta,1 842,"440,37","422,50","4,4"
,491,Mikkeli,kaupunki,suomi,Mikkelin keskustaajama,Etelä-Savo,Mikkelin seutukunta,52 191,"3 229,57","2 548,19","20,5"
,494,Muhos,kunta,suomi,Muhoksen kirkonkylä,Pohjois-Pohjanmaa,Oulun seutukunta,8 894,"797,27","783,75","11,3"
,495,Multia,kunta,suomi,Multian kirkonkylä,Keski-Suomi,Keuruun seutukunta,1 496,"765,63","733,24",2
,498,Muonio,kunta,suomi,Muonion kirkonkylä,Lappi,Tunturi-Lapin seutukunta,2 313,"2 037,78","1 904,05","1,2"
,499,Mustasaari,kunta,"ruotsi, suomi",Sepänkylä[22],Pohjanmaa,Vaasan seutukunta,19 474,"866,55","849,16","22,9"
,500,Muurame,kunta,suomi,Muuramen kirkonkylä,Keski-Suomi,Jyväskylän seutukunta,10 362,"194,06","144,06","71,9"
,503,Mynämäki,kunta,suomi,Mynämäen kirkonkylä,Varsinais-Suomi,Turun seutukunta,7 586,"522,32","519,80","14,6"
,504,Myrskylä,kunta,"suomi, ruotsi",Myrskylän kirkonkylä,Uusimaa,Porvoon seutukunta,1 834,"206,35","200,44","9,1"
,505,Mäntsälä,kunta,suomi,Mäntsälän kirkonkylä,Uusimaa,Helsingin seutukunta,20 855,"596,11","580,85","35,9"
,508,Mänttä-Vilppula,kaupunki,suomi,Mäntän keskustaajama,Pirkanmaa,Ylä-Pirkanmaan seutukunta,9 596,"657,09","534,85","17,9"
,507,Mäntyharju,kunta,suomi,Mäntyharjun asemanseutu,Etelä-Savo,Mikkelin seutukunta,5 620,"1 210,98","980,90","5,7"
,529,Naantali,kaupunki,suomi,Naantalin keskustaajama[16],Varsinais-Suomi,Turun seutukunta,19 477,"316,42","312,53","62,3"
,531,Nakkila,kunta,suomi,Nakkilan kirkonkylä[8],Satakunta,Porin seutukunta,5 191,"184,88","182,90","28,4"
,535,Nivala,kaupunki,suomi,Nivalan keskustaajama,Pohjois-Pohjanmaa,Nivala–Haapajärven seutukunta,10 416,"535,65","526,67","19,8"
,536,Nokia,kaupunki,suomi,Nokian keskustaajama[17],Pirkanmaa,Tampereen seutukunta,34 751,"347,82","288,29","120,5"
,538,Nousiainen,kunta,suomi,Nummi,Varsinais-Suomi,Turun seutukunta,4 706,"199,49","198,93","23,7"
,541,Nurmes,kaupunki,suomi,Nurmeksen keskustaajama,Pohjois-Karjala,Pielisen Karjalan seutukunta,9 640,"2 692,85","2 401,36","3,9"
,543,Nurmijärvi,kunta,suomi,Nurmijärven kirkonkylä,Uusimaa,Helsingin seutukunta,44 018,"367,26","361,87","121,6"
,545,Närpiö,kaupunki,"ruotsi, suomi",Närpiön keskustaajama,Pohjanmaa,Suupohjan rannikkoseutu,9 585,"985,46","977,74","9,8"
,560,Orimattila,kaupunki,suomi,Orimattilan keskustaajama,Päijät-Häme,Lahden seutukunta,15 803,"814,01","785,26","20,1"
,561,Oripää,kunta,suomi,Oripään kirkonkylä,Varsinais-Suomi,Loimaan seutukunta,1 342,"117,72","117,64","11,4"
,562,Orivesi,kaupunki,suomi,Oriveden keskustaajama,Pirkanmaa,Tampereen seutukunta,8 939,"960,08","799,65","11,2"
,563,Oulainen,kaupunki,suomi,Oulaisten keskustaajama,Pohjois-Pohjanmaa,Ylivieskan seutukunta,7 096,"597,54","587,84","12,1"
,564,Oulu,kaupunki,suomi,Oulun keskustaajama,Pohjois-Pohjanmaa,Oulun seutukunta,209 197,"3 051,34","2 971,14","70,4"
,309,Outokumpu,kaupunki,suomi,Outokummun keskustaajama,Pohjois-Karjala,Joensuun seutukunta,6 490,"584,06","445,82","14,6"
,576,Padasjoki,kunta,suomi,Padasjoen kirkonkylä,Päijät-Häme,Lahden seutukunta,2 814,"729,81","523,09","5,4"
,577,Paimio,kaupunki,suomi,Vista[23],Varsinais-Suomi,Turun seutukunta,10 981,"240,03","238,49",46
,578,Paltamo,kunta,suomi,Paltamon kirkonkylä,Kainuu,Kajaanin seutukunta,3 190,"1 139,74","918,76","3,5"
,445,Parainen,kaupunki,"ruotsi, suomi",Paraisten keskustaajama,Varsinais-Suomi,Turunmaan seutukunta,15 103,"893,27","883,20","17,1"
,580,Parikkala,kunta,suomi,Parikkalan kirkonkylä,Etelä-Karjala,Imatran seutukunta,4 601,"760,71","592,01","7,8"
,581,Parkano,kaupunki,suomi,Parkanon keskustaajama,Pirkanmaa,Luoteis-Pirkanmaan seutukunta,6 299,"909,57","852,72","7,4"
,599,Pedersören kunta,kunta,"ruotsi, suomi",Pännäinen,Pohjanmaa,Jakobstadsregionen,11 169,"826,05","794,26","14,1"
,583,Pelkosenniemi,kunta,suomi,Pelkosenniemen kirkonkylä,Lappi,Itä-Lapin seutukunta,934,"1 881,82","1 836,42","0,5"
,854,Pello,kunta,suomi,Pellon kirkonkylä,Lappi,Torniolaakson seutukunta,3 293,"1 863,73","1 737,71","1,9"
,584,Perho,kunta,suomi,Perhon kirkonkylä,Keski-Pohjanmaa,Kaustisen seutukunta,2 691,"775,19","747,87","3,6"
,588,Pertunmaa,kunta,suomi,Pertunmaan kirkonkylä,Etelä-Savo,Mikkelin seutukunta,1 650,"454,18","374,43","4,4"
,592,Petäjävesi,kunta,suomi,Petäjäveden kirkonkylä,Keski-Suomi,Jyväskylän seutukunta,3 684,"495,41","456,42","8,1"
,593,Pieksämäki,kaupunki,suomi,Pieksämäen keskustaajama,Etelä-Savo,Pieksämäen seutukunta,17 390,"1 836,23","1 569,01","11,1"
,595,Pielavesi,kunta,suomi,Pielaveden kirkonkylä,Pohjois-Savo,Ylä-Savon seutukunta,4 301,"1 406,51","1 153,23","3,7"
,598,Pietarsaari,kaupunki,"ruotsi, suomi",Pietarsaaren keskustaajama,Pohjanmaa,Jakobstadsregionen,19 078,"91,88","88,45","215,7"
,601,Pihtipudas,kunta,suomi,Pihtiputaan kirkonkylä,Keski-Suomi,Saarijärven–Viitasaaren seutukunta,3 876,"1 247,50","1 074,92","3,6"
,604,Pirkkala,kunta,suomi,Naistenmatka[17],Pirkanmaa,Tampereen seutukunta,20 009,"103,97","81,42","245,8"
,607,Polvijärvi,kunta,suomi,Polvijärven kirkonkylä,Pohjois-Karjala,Joensuun seutukunta,4 160,"958,32","804,16","5,2"
,608,Pomarkku,kunta,suomi,Pomarkun kirkonkylä,Satakunta,Porin seutukunta,2 022,"332,05","301,18","6,7"
,609,Pori,kaupunki,suomi,Porin keskustaajama,Satakunta,Porin seutukunta,83 620,"1 217,86","1 156,10","72,3"
,611,Pornainen,kunta,suomi,Pornaisten kirkonkylä,Uusimaa,Helsingin seutukunta,5 078,"150,09","146,52","34,7"
,638,Porvoo,kaupunki,"suomi, ruotsi",Porvoon keskustaajama,Uusimaa,Porvoon seutukunta,51 020,"664,62","654,55","77,9"
,614,Posio,kunta,suomi,Ahola,Lappi,Itä-Lapin seutukunta,3 096,"3 544,67","3 039,56",1
,615,Pudasjärvi,kaupunki,suomi,Kurenalus,Pohjois-Pohjanmaa,Oulunkaaren seutukunta,7 677,"5 867,36","5 638,35","1,4"
,616,Pukkila,kunta,suomi,Pukkilan kirkonkylä,Uusimaa,Porvoon seutukunta,1 844,"145,94","145,09","12,7"
,619,Punkalaidun,kunta,suomi,Punkalaitumen kirkonkylä,Pirkanmaa,Lounais-Pirkanmaan seutukunta,2 740,"364,04","361,10","7,6"
,620,Puolanka,kunta,suomi,Puolangan kirkonkylä,Kainuu,Kehys-Kainuun seutukunta,2 459,"2 598,69","2 461,20",1
,623,Puumala,kunta,suomi,Puumalan kirkonkylä,Etelä-Savo,Mikkelin seutukunta,2 133,"1 237,75","794,18","2,7"
,624,Pyhtää,kunta,"suomi, ruotsi",Siltakylä,Kymenlaakso,Kotka–Haminan seutukunta,5 129,"336,40","324,63","15,8"
,625,Pyhäjoki,kunta,suomi,Pyhäjoen kirkonkylä,Pohjois-Pohjanmaa,Raahen seutukunta,3 038,"549,14","543,11","5,6"
,626,Pyhäjärvi,kaupunki,suomi,Pyhäsalmi,Pohjois-Pohjanmaa,Nivala–Haapajärven seutukunta,4 981,"1 459,01","1 310,33","3,8"
,630,Pyhäntä,kunta,suomi,Pyhännän kirkonkylä,Pohjois-Pohjanmaa,Haapaveden-Siikalatvan seutukunta,1 609,"846,85","810,21",2
,631,Pyhäranta,kunta,suomi,Rohdainen,Varsinais-Suomi,Vakka-Suomen seutukunta,1 989,"148,38","143,51","13,9"
,635,Pälkäne,kunta,suomi,Onkkaala,Pirkanmaa,Tampereen seutukunta,6 399,"738,12","560,70","11,4"
,636,Pöytyä,kunta,suomi,Kyrö ja Riihikoski,Varsinais-Suomi,Loimaan seutukunta,8 241,"773,55","749,94",11
,678,Raahe,kaupunki,suomi,Raahen keskustaajama,Pohjois-Pohjanmaa,Raahen seutukunta,24 290,"1 028,23","1 015,34","23,9"
,710,Raasepori,kaupunki,"ruotsi, suomi",Tammisaaren keskustaajama,Uusimaa,Raaseporin seutukunta,27 593,"1 215,45","1 148,34",24
,680,Raisio,kaupunki,suomi,Raision keskustaajama[16],Varsinais-Suomi,Turun seutukunta,24 713,"49,36","48,76","506,8"
,681,Rantasalmi,kunta,suomi,Rantasalmen kirkonkylä,Etelä-Savo,Savonlinnan seutukunta,3 350,"925,19","559,29",6
,683,Ranua,kunta,suomi,Ranuan kirkonkylä,Lappi,Rovaniemen seutukunta,3 666,"3 694,79","3 453,41","1,1"
,684,Rauma,kaupunki,suomi,Rauman keskustaajama,Satakunta,Rauman seutukunta,39 060,"510,10","496,17","78,7"
,686,Rautalampi,kunta,suomi,Rautalammin kirkonkylä,Pohjois-Savo,Sisä-Savon seutukunta,3 041,"761,99","538,96","5,6"
,687,Rautavaara,kunta,suomi,Rautavaaran kirkonkylä,Pohjois-Savo,Koillis-Savon seutukunta,1 516,"1 235,25","1 150,64","1,3"
,689,Rautjärvi,kunta,suomi,Simpele,Etelä-Karjala,Imatran seutukunta,3 122,"401,90","351,51","8,9"
,691,Reisjärvi,kunta,suomi,Reisjärven kirkonkylä,Pohjois-Pohjanmaa,Nivala–Haapajärven seutukunta,2 686,"503,34","474,64","5,7"
,694,Riihimäki,kaupunki,suomi,Riihimäen keskustaajama,Kanta-Häme,Riihimäen seutukunta,28 607,"125,55","121,01","236,4"
,697,Ristijärvi,kunta,suomi,Ristijärven kirkonkylä,Kainuu,Kajaanin seutukunta,1 226,"897,94","835,82","1,5"
,698,Rovaniemi,kaupunki,suomi,Rovaniemen keskustaajama,Lappi,Rovaniemen seutukunta,64 152,"8 016,75","7 581,51","8,5"
,700,Ruokolahti,kunta,suomi,Rasila,Etelä-Karjala,Imatran seutukunta,4 926,"1 219,85","942,28","5,2"
,702,Ruovesi,kunta,suomi,Ruoveden kirkonkylä,Pirkanmaa,Ylä-Pirkanmaan seutukunta,4 167,"950,17","776,98","5,4"
,704,Rusko,kunta,suomi,Ruskon kirkonkylä[16],Varsinais-Suomi,Turun seutukunta,6 366,"127,90","127,15","50,1"
,707,Rääkkylä,kunta,suomi,Rääkkylän kirkonkylä,Pohjois-Karjala,Keski-Karjalan seutukunta,2 052,"699,68","427,61","4,8"
,729,Saarijärvi,kaupunki,suomi,Saarijärven keskustaajama,Keski-Suomi,Saarijärven–Viitasaaren seutukunta,9 161,"1 422,72","1 251,71","7,3"
,732,Salla,kunta,suomi,Sallan kirkonkylä,Lappi,Itä-Lapin seutukunta,3 401,"5 872,41","5 729,65","0,6"
,734,Salo,kaupunki,suomi,Salon keskustaajama,Varsinais-Suomi,Salon seutukunta,51 424,"2 061,84","1 987,21","25,9"
,736,Saltvik,kunta,ruotsi,Nääs[24],Ahvenanmaa,Ålands landsbygd,1 796,"159,62","152,24","11,8"
,790,Sastamala,kaupunki,suomi,Vammalan keskustaajama,Pirkanmaa,Lounais-Pirkanmaan seutukunta,24 006,"1 531,75","1 429,16","16,8"
,738,Sauvo,kunta,suomi,Sauvon kirkonkylä,Varsinais-Suomi,Turun seutukunta,2 980,"253,87","252,63","11,8"
,739,Savitaipale,kunta,suomi,Savitaipaleen kirkonkylä,Etelä-Karjala,Lappeenrannan seutukunta,3 285,"690,56","539,12","6,1"
,740,Savonlinna,kaupunki,suomi,Savonlinnan keskustaajama,Etelä-Savo,Savonlinnan seutukunta,32 601,"3 597,69","2 238,17","14,6"
,742,Savukoski,kunta,suomi,Savukosken kirkonkylä,Lappi,Itä-Lapin seutukunta,1 025,"6 496,57","6 439,65","0,16"
,743,Seinäjoki,kaupunki,suomi,Seinäjoen keskustaajama,Etelä-Pohjanmaa,Seinäjoen seutukunta,64 719,"1 469,23","1 431,78","45,2"
,746,Sievi,kunta,suomi,Sievin kirkonkylä,Pohjois-Pohjanmaa,Ylivieskan seutukunta,4 770,"800,43","786,95","6,1"
,747,Siikainen,kunta,suomi,Siikaisten kirkonkylä,Satakunta,Pohjois-Satakunnan seutukunta,1 368,"491,31","463,30",3
,748,Siikajoki,kunta,suomi,Ruukki,Pohjois-Pohjanmaa,Raahen seutukunta,5 024,"1 062,79","1 054,07","4,8"
,791,Siikalatva,kunta,suomi,Pulkkilan kirkonkylä,Pohjois-Pohjanmaa,Haapaveden-Siikalatvan seutukunta,5 159,"2 229,81","2 173,37","2,4"
,749,Siilinjärvi,kunta,suomi,Siilinjärven kirkonkylä,Pohjois-Savo,Kuopion seutukunta,21 289,"507,81","400,97","53,1"
,751,Simo,kunta,suomi,Simon asemanseutu,Lappi,Kemi–Tornion seutukunta,2 947,"1 467,29","1 447,29",2
,753,Sipoo,kunta,"suomi, ruotsi",Nikkilä[7],Uusimaa,Helsingin seutukunta,22 119,"342,71","339,69","65,1"
,755,Siuntio,kunta,"suomi, ruotsi",Siuntion asemanseutu,Uusimaa,Helsingin seutukunta,6 194,"249,95","241,11","25,7"
,758,Sodankylä,kunta,"suomi, pohjoissaame",Sodankylän kirkonkylä,Lappi,Pohjois-Lapin seutukunta,8 185,"12 415,34","11 692,75","0,7"
,759,Soini,kunta,suomi,Soinin kirkonkylä,Etelä-Pohjanmaa,Kuusiokuntien seutukunta,1 988,"574,22","551,95","3,6"
,761,Somero,kaupunki,suomi,Someron keskustaajama,Varsinais-Suomi,Salon seutukunta,8 579,"697,68","667,98","12,8"
,762,Sonkajärvi,kunta,suomi,Sonkajärven kirkonkylä,Pohjois-Savo,Ylä-Savon seutukunta,3 798,"1 576,79","1 465,91","2,6"
,765,Sotkamo,kunta,suomi,Sotkamon kirkonkylä[25],Kainuu,Kajaanin seutukunta,10 332,"2 951,85","2 648,74","3,9"
,766,Sottunga,kunta,ruotsi,Sottunga,Ahvenanmaa,Ålands skärgård,104,"28,05","28,03","3,7"
,768,Sulkava,kunta,suomi,Sulkavan kirkonkylä,Etelä-Savo,Savonlinnan seutukunta,2 442,"769,20","584,54","4,2"
,771,Sund,kunta,ruotsi,Björby,Ahvenanmaa,Ålands landsbygd,1 016,"112,49","108,20","9,4"
,777,Suomussalmi,kunta,suomi,Ämmänsaari,Kainuu,Kehys-Kainuun seutukunta,7 550,"5 857,59","5 270,32","1,4"
,778,Suonenjoki,kaupunki,suomi,Suonenjoen keskustaajama,Pohjois-Savo,Sisä-Savon seutukunta,6 895,"862,34","713,56","9,7"
,781,Sysmä,kunta,suomi,Sysmän kirkonkylä,Päijät-Häme,Lahden seutukunta,3 578,"936,18","666,30","5,4"
,783,Säkylä,kunta,suomi,Säkylän kirkonkylä,Satakunta,Rauman seutukunta,6 608,"527,85","406,89","16,2"
,831,Taipalsaari,kunta,suomi,Taipalsaaren kirkonkylä,Etelä-Karjala,Lappeenrannan seutukunta,4 633,"761,95","344,69","13,4"
,832,Taivalkoski,kunta,suomi,Taivalkosken kirkonkylä,Pohjois-Pohjanmaa,Koillismaan seutukunta,3 938,"2 650,61","2 437,79","1,6"
,833,Taivassalo,kunta,suomi,Taivassalon kirkonkylä,Varsinais-Suomi,Vakka-Suomen seutukunta,1 666,"142,01","140,33","11,9"
,834,Tammela,kunta,suomi,Tammelan kirkonkylä[13],Kanta-Häme,Forssan seutukunta,5 995,"715,15","640,58","9,4"
,837,Tampere,kaupunki,suomi,Tampereen keskustaajama,Pirkanmaa,Tampereen seutukunta,244 029,"689,59","524,94","464,9"
,844,Tervo,kunta,suomi,Tervon kirkonkylä,Pohjois-Savo,Sisä-Savon seutukunta,1 483,"494,30","347,75","4,3"
,845,Tervola,kunta,suomi,Tervolan kirkonkylä,Lappi,Kemi–Tornion seutukunta,2 885,"1 592,21","1 559,86","1,8"
,846,Teuva,kunta,suomi,Teuvan kirkonkylä,Etelä-Pohjanmaa,Suupohjan seutukunta,4 957,"556,05","554,67","8,9"
,848,Tohmajärvi,kunta,suomi,Kemie,Pohjois-Karjala,Keski-Karjalan seutukunta,4 269,"895,36","837,75","5,1"
,849,Toholampi,kunta,suomi,Toholammin kirkonkylä,Keski-Pohjanmaa,Kaustisen seutukunta,2 946,"617,05","608,99","4,8"
,850,Toivakka,kunta,suomi,Toivakan kirkonkylä,Keski-Suomi,Jyväskylän seutukunta,2 401,"413,94","361,45","6,6"
,851,Tornio,kaupunki,suomi,Tornion keskustaajama,Lappi,Kemi–Tornion seutukunta,21 362,"1 229,24","1 188,78",18
,853,Turku,kaupunki,"suomi, ruotsi",Turun keskustaajama,Varsinais-Suomi,Turun seutukunta,195 350,"249,13","245,66","795,2"
,857,Tuusniemi,kunta,suomi,Tuusniemen kirkonkylä,Pohjois-Savo,Koillis-Savon seutukunta,2 421,"699,42","543,18","4,5"
,858,Tuusula,kunta,suomi,Hyrylä[7],Uusimaa,Helsingin seutukunta,39 494,"225,45","219,54","179,9"
,859,Tyrnävä,kunta,suomi,Tyrnävän kirkonkylä,Pohjois-Pohjanmaa,Oulun seutukunta,6 612,"494,86","491,81","13,4"
,886,Ulvila,kaupunki,suomi,Vanhakylä[8],Satakunta,Porin seutukunta,12 672,"422,51","400,63","31,6"
,887,Urjala,kunta,suomi,Urjalan kirkonkylä,Pirkanmaa,Etelä-Pirkanmaan seutukunta,4 649,"505,40","475,41","9,8"
,889,Utajärvi,kunta,suomi,Utajärven kirkonkylä,Pohjois-Pohjanmaa,Oulunkaaren seutukunta,2 574,"1 737,28","1 671,72","1,5"
,890,Utsjoki,kunta,"suomi, pohjoissaame",Utsjoen kirkonkylä,Lappi,Pohjois-Lapin seutukunta,1 181,"5 372,00","5 145,98","0,2"
,892,Uurainen,kunta,suomi,Uuraisten kirkonkylä,Keski-Suomi,Jyväskylän seutukunta,3 620,"372,25","347,98","10,4"
,893,Uusikaarlepyy,kaupunki,"ruotsi, suomi",Uudenkaarlepyyn keskustaajama,Pohjanmaa,Jakobstadsregionen,7 536,"737,21","732,70","10,3"
,895,Uusikaupunki,kaupunki,suomi,Uudenkaupungin keskustaajama,Varsinais-Suomi,Vakka-Suomen seutukunta,15 485,"550,32","502,93","30,8"
,785,Vaala,kunta,suomi,Vaalan kirkonkylä,Pohjois-Pohjanmaa,Oulunkaaren seutukunta,2 682,"1 763,57","1 302,38","2,1"
,905,Vaasa,kaupunki,"suomi, ruotsi",Vaasan keskustaajama,Pohjanmaa,Vaasan seutukunta,67 696,"369,54","364,72","185,6"
,908,Valkeakoski,kaupunki,suomi,Valkeakosken keskustaajama,Pirkanmaa,Etelä-Pirkanmaan seutukunta,20 674,"372,03","272,05",76
,092,Vantaa,kaupunki,"suomi, ruotsi",Tikkurila[7],Uusimaa,Helsingin seutukunta,238 608,"240,35","238,37",1 001
,915,Varkaus,kaupunki,suomi,Varkauden keskustaajama,Pohjois-Savo,Varkauden seutukunta,20 082,"524,47","385,61","52,1"
,918,Vehmaa,kunta,suomi,Vinkkilä,Varsinais-Suomi,Vakka-Suomen seutukunta,2 272,"192,08","188,88",12
,921,Vesanto,kunta,suomi,Vesannon kirkonkylä,Pohjois-Savo,Sisä-Savon seutukunta,1 960,"569,81","422,63","4,6"
,922,Vesilahti,kunta,suomi,Vesilahden kirkonkylä,Pirkanmaa,Tampereen seutukunta,4 425,"353,94","301,04","14,7"
,924,Veteli,kunta,suomi,Kainu[26],Keski-Pohjanmaa,Kaustisen seutukunta,3 028,"520,91","502,13",6
,925,Vieremä,kunta,suomi,Vieremän kirkonkylä,Pohjois-Savo,Ylä-Savon seutukunta,3 507,"973,38","925,24","3,8"
,927,Vihti,kunta,suomi,Nummela,Uusimaa,Helsingin seutukunta,29 247,"567,06","522,02",56
,931,Viitasaari,kaupunki,suomi,Viitasaaren keskustaajama,Keski-Suomi,Saarijärven–Viitasaaren seutukunta,6 079,"1 589,12","1 248,54","4,9"
,934,Vimpeli,kunta,suomi,Vimpelin kirkonkylä,Etelä-Pohjanmaa,Järviseudun seutukunta,2 770,"328,79","287,32","9,6"
,935,Virolahti,kunta,suomi,Virojoki,Kymenlaakso,Kotka–Haminan seutukunta,3 052,"376,25","371,99","8,2"
,936,Virrat,kaupunki,suomi,Virtain keskustaajama,Pirkanmaa,Ylä-Pirkanmaan seutukunta,6 464,"1 299,07","1 162,68","5,6"
,941,Vårdö,kunta,ruotsi,Vårdö,Ahvenanmaa,Ålands skärgård,466,"102,09","101,70","4,6"
,946,Vöyri,kunta,"ruotsi, suomi",Vöyrin kirkonkylä,Pohjanmaa,Vaasan seutukunta,6 362,"791,32","782,14","8,1"
,976,Ylitornio,kunta,suomi,Ylitornion kirkonkylä,Lappi,Torniolaakson seutukunta,3 836,"2 212,47","2 028,04","1,9"
,977,Ylivieska,kaupunki,suomi,Ylivieskan keskustaajama,Pohjois-Pohjanmaa,Ylivieskan seutukunta,15 337,"574,18","569,73","26,9"
,980,Ylöjärvi,kaupunki,suomi,Ylöjärven kirkonkylä[17],Pirkanmaa,Tampereen seutukunta,33 427,"1 323,96","1 115,75",30
,981,Ypäjä,kunta,suomi,Ypäjän kirkonkylä,Kanta-Häme,Forssan seutukunta,2 299,"183,25","182,76","12,6"
,989,Ähtäri,kaupunki,suomi,Ähtärin keskustaajama,Etelä-Pohjanmaa,Kuusiokuntien seutukunta,5 496,"910,87","805,82","6,8"
,992,Äänekoski,kaupunki,suomi,Äänekosken keskustaajama,Keski-Suomi,Äänekosken seutukunta,18 343,"1 138,38","884,58","20,7"